by,comments_posted
thataccount,8
andai,6
ChrisArchitect,6
VCFundedGenYer,6
josefritzishere,5
colincowardly,4
dvt,4
dofm,4
jdw64,4
luciana1u,4
pmkary,4
shevy-java,4
toomuchtodo,4
fsckboy,3
amluto,3
arjie,3
gps372,3
amelius,3
debo_,3
chemael,3
mmooss,3
nottorp,3
paaloeye,3
Retr0id,3
addag,3
stuaxo,3
swiftcoder,3
syngrog66,3
dang,3
Mawr,3
vb-8448,3
vivzkestrel,3
westurner,3
xnx,3
analog8374,2
Findecanor,2
delis-thumbs-7e,2
FoundARetard,2
Surac,2
bywater,2
erikvanoosten,2
abrookewood,2
andrewstuart,2
ActorNightly,2
AdAstraSucked,2
GNR_Radio,2
account42,2
andsoitis,2
Gecko4072,2
iLoveOncall,2
datadrivenangel,2
Alferes5,2
ang_cire,2
Terr_,2
foota,2
bluGill,2
haunter,2
OptionOfT,2
Oscalemor,2
giancarlostoro,2
baggachipz,2
carabiner,2
devy,2
dgellow,2
borzi,2
ellis0n,2
hirshi,2
embedding-shape,2
Unified-Mentor,2
Vakaiser,2
hulitu,2
emursebrian,2
InexSquirrel,2
cmiles8,2
Preston67,2
cedws,2
bee_rider,2
beej71,2
ikesau,2
WarOnPrivacy,2
cute_boi,2
j45,2
armcat,2
ChickeNES,2
bensyverson,2
ChrisMarshallNY,2
alephnerd,2
d--b,2
brikym,2
insane_dreamer,2
YCisDead,2
LoganDark,2
LogicFailsMe,2
hi_hi,2
RunSet,2
fyredge,2
jawns,2
asadsjaanl,2
jmartrican,2
jmclnx,2
jondlm,2
jonplackett,2
jonstewart,2
harel,2
jsrozner,2
juggle73,2
julien_dev,2
kazinator,2
keiferski,2
kelvinjps10,2
kioleanu,2
kjellsbells,2
kleiba2,2
kooi,2
larodi,2
layer8,2
lenikirilov,2
Schlagbohrer,2
m463,2
mandadtabrizi,2
marginalia_nu,2
mc32,2
harkenugent,2
mohamedkoubaa,2
monkeydust,2
monster_truck,2
nalekberov,2
nashashmi,2
nathell,2
nntwozz,2
eikenberry,2
ourcat,2
ozereray1,2
danc2050,2
parineum,2
petcat,2
petreradu,2
pimlottc,2
pj_mukh,2
amazingamazing,2
porridgeraisin,2
qgin,2
randomImmigrant,2
rayiner,2
rglover,2
rio517,2
runtime_lens,2
rvz,2
sarjann,2
comrade1234,2
simianwords,2
simonw,2
skeledrew,2
snvzz,2
socalgal2,2
sph,2
stan-ely,2
stillpointlab,2
SilentM68,2
surreal_,2
bix6,2
swimminglala88,2
EdZitron2,2
tamimio,2
teekert,2
ModernMech,2
thimble_io,2
throwawayffffas,2
tintor,2
tonymet,2
amiga386,2
tracerbulletx,2
usernametaken29,2
v1z,2
ElGamzino,2
vehemenz,2
ElProlactin,2
wateralien,2
eis,2
wewewedxfgdf,2
whazor,2
winrid,2
wolvoleo,2
wxw,2
htrp,2
xyst,2
yanjunnf,2
zkmon,2
Dansvidania,1
DarmokTanagra,1
DavideNL,1
DeathToJews,1
DeepLogin,1
Devin3162,1
DhawalModi,1
DiBop,1
Diederich,1
DonsDiscountGas,1
DrJokepu,1
DressOrc,1
Driftbench,1
DylanMerigaud,1
EGreg,1
Eastmill,1
Edymilson,1
Eisenstein,1
Emanuele06,1
ErroneousBosh,1
EvanAnderson,1
FailMore,1
Fire-Dragon-DoL,1
Flightmussy,1
FpUser,1
Fr0styMatt88,1
Funes-,1
G4Vi,1
GMoromisato,1
GaryBluto,1
GauntletWizard,1
GeekyBear,1
GeertB,1
GovPulse,1
Gravityloss,1
Grisu_FTP,1
Grosvenor,1
GuestFAUniverse,1
Guthwine,1
Gys,1
H1Supreme,1
HNDevsSuck2,1
Hacker_Yogi,1
HaloZero,1
HarHarVeryFunny,1
HarshJannawar,1
Havoc,1
Hello71,1
Helloworldboy,1
HexDecOctBin,1
Hobadee,1
HoldOnAMinute,1
HumblyTossed,1
ICHx,1
IChooseY0u,1
I_am_tiberius,1
IshKebab,1
Isofarro,1
Iuz,1
JLO64,1
JamesCoyne,1
Jean-Philipe,1
Jheher,1
JosifA,1
Karuma,1
KashifBuilds,1
Khaine,1
Khroma,1
Klaster_1,1
LIMEVINCE,1
Lapalux,1
LelouBil,1
LeonidSkrypniko,1
Liftyee,1
Log007,1
LowIQJews,1
LtWorf,1
Lucaichyexp,1
Lucasoato,1
LukaD,1
Madmallard,1
MadrasThorn,1
Marciplan,1
Marcuss2,1
MarkusQ,1
MarkusWandel,1
Maskawanian,1
MatekCopatek,1
MattDamonSpace,1
MaxfordAndSons,1
MelsovCOZY,1
MisterKent,1
Mistletoe,1
MobileVet,1
Mockapapella,1
MongooseStudios,1
Morromist,1
MrScruff,1
Mugshelf,1
Muhaddi,1
NDlurker,1
NagelD,1
NamlchakKhandro,1
NeoByte,1
Nevermark,1
NikhilChowdaryG,1
NikxDa,1
Nition,1
Noaidi,1
NoboruWataya,1
NotCypher,1
NotRockwell,1
Noxwizard,1
Nucaranlaeg,1
NuclearPM,1
OhNoNotAgain_99,1
OldDrunkGuy,1
OnDemandDevOps,1
OskarS,1
OsrsNeedsf2P,1
Osteen14,1
OtmaneBenazzou,1
Ozzie-D,1
PTGPSoftware,1
PaulHoule,1
PaulRobinson,1
Perceptes,1
Phemist,1
PiXeL161616,1
PierceJoy,1
Planktonne,1
PlatinumCD,1
PowerElectronix,1
PreownedPlaid,1
Primer81,1
PunchyHamster,1
QuantumNoodle,1
Quarrelsome,1
RALaBarge,1
RIMR,1
RMPR,1
RachelF,1
Razengan,1
Rendello,1
RetroTechie,1
RicoElectrico,1
RoadieRoller,1
RobRivera,1
Rover222,1
RugnirViking,1
SMAAART,1
SXX,1
SaaSDesigner,1
SaberTail,1
Saniyabhal-03,1
Sataros,1
ScottWilderHQ,1
Segv77,1
Select2,1
Semkas,1
Sha1rholder,1
Sharlin,1
SigmundurM,1
Simon_O_Rourke,1
Skwid,1
Smooth_Flick,1
SmrutiS,1
Sniffnoy,1
SoftTalker,1
SpaceL10n,1
SpicyLemonZest,1
Stratoscope,1
SturgeonsLaw,1
Sweepi,1
Sweepline,1
Swizec,1
SwtCyber,1
TKAB,1
TZubiri,1
TacticalCoder,1
Tanoc,1
TechSquidTV,1
TechTechTech,1
Tepix,1
TheCondor,1
TheJCDenton,1
TheJoeMan,1
Tiberium,1
TnS-hun,1
TomGarden,1
TooTony,1
Trace88,1
TripleFFF,1
TristanX,1
Ugzuzg,1
UmutD0,1
Varsha143225,1
ViktorRay,1
Vishal_Max,1
VorpalWay,1
VulgarExigency,1
WCSTombs,1
WD-42,1
Walf,1
WarmWash,1
Waterluvian,1
Wavesonics,1
Wendell58,1
WillAdams,1
Willish42,1
WithinReason,1
WordNotSee,1
YCandHN,1
Yizahi,1
Zakis1,1
Zigurd,1
_DeadFred_,1
_Tev,1
__rito__,1
_alphageek,1
_caw,1
_flux,1
_ink_,1
_jackdk_,1
_joel,1
_leom,1
_lunix,1
_pdp_,1
_rwo,1
_shantaram,1
_superposition_,1
a12ah,1
a2ff6eeb0,1
a_h_a,1
aasheeshrathour,1
abdullahnouman3,1
abe94,1
abhinav_4,1
abrefeld,1
academic_84572,1
achenet,1
achompas,1
acrion,1
actinium226,1
adjejmxbdjdn,1
adsharma,1
advisedwang,1
aff-vasileva,1
afidrya,1
afpx,1
agentworks,1
aggie_dev,1
aghilmort,1
ahmadtbk,1
aj_g,1
ak217,1
akazantsev,1
akersten,1
akhil_findincal,1
akkartik,1
akrakesh,1
akshayrajeshwar,1
akshitgaur2005,1
akulbe,1
al11588,1
alampy,1
alberth,1
alejoar,1
aleksandrm,1
alentred,1
alerighi,1
alex_bates_4179,1
alexyoung,1
algebra-pretext,1
alibrarydweller,1
alkonaut,1
all2,1
alnwlsn,1
alsetmusic,1
alt227,1
alurm,1
alwaysmrno,1
amadeuspagel,1
amai,1
amatecha,1
amclennon,1
ameddserM,1
amemi,1
amitvsatpathy90,1
amoorthy,1
anasbayoumy,1
andddd,1
andrewla,1
andyst,1
andytratt,1
anentropic,1
angelofthe0dd,1
anhsirksai,1
anilgulecha,1
animal531,1
anna_1101,1
annzabelle,1
anon-3988,1
anon291,1
anonym29,1
anonymous_user9,1
anosidium,1
anthonyc,1
anttiharju,1
api,1
apple4ever,1
aqme28,1
aquadros,1
aquir,1
arajnoha,1
archell,1
arjinium,1
armandososa,1
armchairhacker,1
arnaelena,1
arnefm,1
aronishchal,1
arthurbrown,1
arthurlockman,1
artifix,1
asdefghyk,1
asf1289,1
ashkankiani,1
ashleyn,1
askhan963,1
aspir,1
asploder,1
astangl,1
asveikau,1
atannen,1
atroon,1
aurareturn,1
autaut,1
autotune,1
avdelazeri,1
avian,1
avidruntime,1
awill88,1
ayanmali,1
ayushsanj,1
azraellzanella,1
b8,1
badatnames,1
bargainbin,1
bariumbitmap,1
baron3dl,1
baruz,1
basedpolymer,1
basil_io,1
bawolff,1
baxuz,1
bb88,1
bbbbbgdn,1
bdangubic,1
bedroom_jabroni,1
benji-york,1
benoit-prentout,1
benrutter,1
bestjobfinder,1
bewareofscams,1
beyondscaletech,1
bflesch,1
bgoated01,1
bhaak,1
bibstha,1
big_dogman,1
bilekas,1
bilkow,1
biotinker,1
birdieop,1
bit_rot73,1
bitwize,1
bitxbitxbitcoin,1
bjackman,1
bjord,1
bjornnn,1
bjornsing,1
blakepelton,1
blascsi,1
blfr,1
blmarket,1
bloak,1
bloomingeek,1
bmmayer1,1
bob1029,1
bogzz,1
boltzmann-brain,1
boredatoms,1
bozhark,1
bradley13,1
bradly,1
braggerxyz,1
bramadityaw,1
brawnAgain,1
brcmthrowaway,1
brettdev,1
brettermeier,1
brewmarche,1
brianhliou,1
brianpbeau,1
brizz1981,1
brokenmachine,1
bronlund,1
broodbucket,1
brooke2k,1
browningstreet,1
brrrrrm,1
brudgers,1
brunoborges,1
bryanlarsen,1
btrettel,1
burnt-resistor,1
burnto,1
bushwart,1
butlike,1
bux93,1
bwhiting2356,1
c-smile,1
c0_0p_,1
c0balt,1
calclavia,1
calgoo,1
calvinmorrison,1
camperegrine,1
card_zero,1
carlostkd,1
carlosvsjobs,1
casey2,1
cbarrick,1
ccortes,1
cd3vane,1
cdbattags,1
cdrnsf,1
censor25,1
ceoj,1
ch71r22,1
chamomeal,1
charcircuit,1
charlesconnell,1
chasil,1
chb,1
chekibreki,1
cheschire,1
cheviana4567,1
chews,1
chicken-stew,1
chipsa,1
chr15m,1
chrisjj,1
chrismorgan,1
chrisouza,1
christosk92,1
chroma_zone,1
chrysoprace,1
chrystianpl,1
ciccionamente,1
cinci,1
cjkaminski,1
ckugblenu,1
cl3misch,1
cl42,1
clavoie,1
claw-el,1
claykkari,1
cldcntrl,1
clem_rw,1
cm2187,1
coatmatter,1
cobbzilla,1
cobolcomesback,1
coded_monkey,1
codedump,1
codeforafrica,1
codevark,1
codingdave,1
coffeecoders,1
cold_boot,1
coldtea,1
colinmarc,1
colordrops,1
comboy,1
commieneko,1
conorh,1
constanceb,1
contingencies,1
continuous_lex,1
contubernio,1
copemaxxxing,1
copperwire,1
cosinetau,1
cotti,1
cpburns2009,1
cpeterso,1
crate_88,1
crawfordcomeaux,1
creeble,1
creimers,1
croes,1
cryzinger,1
cscoder,1
csmoak,1
cubsker,1
cyberclimb,1
d1ss0nanz,1
d_finch,1
dabluecaboose,1
dalton74,1
damsta,1
dan-bailey,1
dan_voronov,1
danbrooks,1
danieltk76,1
danielwhite,1
dannersy,1
darkstar_16,1
darkurtpanke,1
dash2,1
dasil003,1
dataflow,1
datameta,1
dataviz1000,1
davedx,1
david-taylor,1
davidbarker,1
davidgrenier,1
davidthierrykno,1
davidw,1
dayyan,1
dbalatero,1
dbgain,1
dcchambers,1
ddevnyc,1
ddp26,1
deadbabe,1
dearlinko,1
dec0dedab0de,1
declawclaw,1
deepsun,1
deet,1
delduca,1
delichon,1
demibabs,1
denalii,1
denyskleimenovi,1
denzen,1
dev213,1
devmor,1
dheerajre,1
dhosek,1
dhruv3006,1
diegoborgh,1
digitaltrees,1
dimatter,1
divsh17,1
dj24,1
djabatt,1
djhworld,1
dkersten,1
dleeftink,1
dman-os,1
dmitry_t,1
dmitrygr,1
dmos62,1
dnautics,1
dnemmers,1
docheinestages,1
doctorpangloss,1
dolmen,1
dom96,1
domador,1
dominicq,1
donmb,1
doodlebugging,1
dpflan,1
dr_dshiv,1
drabbiticus,1
drayfield,1
drivebyhooting,1
drooopy,1
drxzcl,1
dserban,1
dukodk,1
dunlin,1
duxup,1
dvh,1
dvvalia,1
dwoldrich,1
dwroberts,1
dylanger,1
dylbr,1
dzonga,1
eager_noob,1
eaglelamp,1
earcar,1
easydidit,1
ecthiender,1
edf13,1
edg5000,1
edgarvaldes,1
edgyquant,1
edimaudo,1
edu,1
egeozcan,1
eggfriedrice,1
egypturnash,1
eigenform,1
elVengador,1
elashri,1
elendilm,1
eleventen,1
elianletters,1
elictronic,1
eloisius,1
emmahooks,1
enragebait,1
enraged_camel,1
entaroadun123,1
entrope,1
eonmatrix,1
epistasis,1
eqqn,1
eqvinox,1
ergocoder,1
erichocean,1
ersatz-matty,1
esafak,1
esseph,1
estevezryan7,1
ethagnawl,1
ethanforrest,1
etiron,1
eudamoniac,1
eunice,1
euroderf,1
eutropia,1
evan_,1
eviks,1
evilmathkid,1
exabrial,1
excitedrustle,1
exclipy,1
exe34,1
exitb,1
explodes,1
eyecreate,1
ezfe,1
famahar,1
family_computer,1
faragon,1
farlight,1
fedotoves,1
felipeheredia,1
fesoliveira,1
fg137,1
fhub,1
fidotron,1
figbert,1
filipelbc,1
finchisko,1
firefoxd,1
fishfasell,1
fishgoesblub,1
fithisux,1
fjd,1
fjfkfkkg,1
fleabitdev,1
floki165,1
flopsamjetsam,1
floro,1
flyinglizard,1
flyingshelf,1
flyspaceships,1
fnikacevic,1
frankus,1
free652,1
freediver,1
frozenseven,1
fumeux_fume,1
furkancelik,1
fwipsy,1
fxtentacle,1
fxwin,1
fzero,1
fzeroracer,1
g-unit33,1
g8oz,1
gabrda,1
gabrieledarrigo,1
gadders,1
garg17793,1
garrettjoecox,1
gautam_panakkal,1
gavinray,1
gblargg,1
gdevenyi,1
gdiskcfg,1
ge96,1
georgemcbay,1
ggcr,1
ghm2199,1
gilli,1
gimlids,1
ginsmar,1
gioandthemachin,1
giodamelio,1
gitowiec,1
gkoberger,1
glass1122,1
glimshe,1
globalnode,1
glub,1
gnavadev,1
gnuplustoejam,1
goda90,1
goonersallofyou,1
gotlou,1
govindgupta,1
gpiechnik2,1
gradus_ad,1
graemep,1
grantpitt,1
grapheneos,1
greenie_beans,1
greesil,1
gregdoesit,1
gregglain,1
gricardo99,1
gridder,1
grommet_kit,1
grougnax,1
gruntled-worker,1
gshklovski,1
gtsnexp,1
guelo,1
guerrilla,1
guptadagger,1
gustavus,1
gutchapa,1
gwbas1c,1
gyanchawdhary,1
gyomu,1
gzapp,1
haaz,1
hadlock,1
hahn-kev,1
half_fish,1
hamolton,1
hankbond,1
happyrock,1
haraldurtg,1
hardwar3z,1
harlan_pdx,1
hartator,1
hblanks,1
hduto,1
heliskyr2,1
hellisothers,1
hellweaver666,1
helsinkiandrew,1
hemmert,1
henryrobbins00,1
hephaes7us,1
herbst,1
herobird,1
hetman,1
heyjamesknight,1
hijinks,1
hingler36,1
hk1337,1
hmartin,1
hmokiguess,1
hn1rig3rak,1
hn45e7pbij,1
hn_DevOps,1
hndqbrg2uk,1
hold3r,1
holgerschurig,1
holt62,1
holtwick,1
hombre_fatal,1
hoshi73,1
hosseinasgari,1
hosteur,1
howToTestFE,1
huhtenberg,1
humanlity,1
humpf,1
hungdoansy,1
hurricanepootis,1
huurtehoog,1
hxii,1
hyperbole,1
hypercube33,1
hypfer,1
iAMkenough,1
iLemming,1
iammjm,1
iamnothere,1
iamstephenliu,1
iangraphite,1
ianlewisuk1,1
iberator,1
iennahen,1
ig0r0,1
igoose1,1
igor_nast,1
ijelliti,1
ike_sh,1
ilitirit,1
imafish,1
imamakainat9,1
imhoguy,1
imnotr0b0t,1
in12parsecs,1
inciampati,1
ineedasername,1
infomiho,1
initramfs,1
inopinatus,1
intelkishan,1
internet_points,1
interroboink,1
ionioagnio,1
ionwake,1
irdc,1
iririririr,1
isUserAMonkey,1
isaacsumner,1
ismd,1
issung,1
itsram_sk,1
itsrobreally,1
ivanjermakov,1
ivw,1
iw2rmb,1
j16sdiz,1
j1elo,1
jackcutting,1
jackjantzi,1
jackthomas00,1
jacobbe,1
jacobolus,1
jakevoytko,1
jamesforestwest,1
janaagaard,1
janalsncm,1
janpeuker,1
jared_stewart,1
jaredarodriguez,1
jasongi,1
jasonjayr,1
jasonjmcghee,1
jasperry,1
1saadcodes,1
jaybuff,1
jborden13,1
jcalvinowens,1
jcalx,1
jcjohns,1
jdauriemma,1
jdbloodstone,1
jdironman,1
jdkee,1
zulux,1
jeandrek,1
jeenuv,1
jeffdico,1
jeffgreco,1
jesse-warren,1
jesse__,1
jh54,1
jhoechtl,1
jhogervorst,1
jihadjihad,1
jijji,1
jim-works,1
jimmoores,1
jing09928,1
jiraiyasarutobi,1
jjdinho,1
jjk166,1
jjkaczor,1
jjmarr,1
jjwiseman,1
jkahrs595,1
jkingsman,1
jll29,1
jlvardon,1
01096173741,1
jmathai,1
028363922092,1
jmutex,1
jmyeet,1
jnpnj,1
jodacola,1
joefreeman,1
joerambo,1
joewils,1
johnzachariah69,1
jokoon,1
jollyllama,1
jombib,1
jon_north,1
jonathanmberg,1
0fflineuser,1
jongjong,1
jonhohle,1
0x10ca1h0st,1
0x457,1
joseasv,1
0xBEC4321,1
josephg,1
joshcsimmons,1
joshuaS98,1
joshuaissac,1
josmar,1
jotaefea,1
jow13_12,1
jrflo,1
jrgirvan,1
jsjdjdjdjdj,1
jspann,1
0xbadc0de5,1
jstummbillig,1
jtrn,1
juansm,1
judah,1
0xbadcafebee,1
julianbraha,1
0xdeadbeefbabe,1
juliooocon,1
jumploops,1
jurajbla,1
justanother,1
justinlloyd,1
jvanderbot,1
jvvw,1
jwally,1
k310,1
kalleboo,1
katatsu12,1
kavee-dev,1
1-more,1
kbar13,1
kbrannigan,1
kderbyma,1
keeda,1
1234letshaveatw,1
kekqqq,1
12398,1
kentosi-dw,1
kermatt,1
kevinmgrant,1
keybored,1
kfogel,1
kfregoso,1
kgeist,1
khalic,1
khelavastr,1
khernandezrt,1
kif,1
kilawattcloud,1
kiliancs,1
killerdog10,1
kiln_ash,1
kilna,1
zamadatix,1
kjander79,1
yetanotherjosh,1
kjmr,1
kklisura,1
ygouzerh,1
kmeeth,1
knuckleheads,1
kodefreeze,1
kol3x,1
kolli_kumar,1
yipinwong,1
koolala,1
kotaKat,1
kqp,1
kqr,1
kragen,1
kreco,1
krembo,1
kriro,1
kris-memoket,1
krunck,1
krupan,1
krzyk,1
krzyzanowskim,1
ksd482,1
kshri24,1
ksimukka,1
kstenerud,1
kstrauser,1
ktallett,1
kulahan,1
kumi_da,1
kurpee,1
kvn95ss,1
kyisaiah47,1
kylecazar,1
kypro,1
kyzcdev,1
la6479,1
lachlan_gray,1
lackoftactics,1
lai7th_0,1
lanyard-textile,1
largbae,1
yndoendo,1
latexr,1
lauralin,1
laxpri,1
yodon,1
layoric,1
lbriner,1
ldtcoop,1
le-mark,1
lee_polla,1
leedrake5,1
legacynl,1
legitster,1
legohead,1
lelanthran,1
lellow,1
lenerdenator,1
yogthos,1
leonixyz,1
lettersand,1
leumassuehtam,1
leviathanmann,1
lightyoruichi,1
lilerjee,1
linkdd,1
lizippel,1
ljouhet,1
lkbm,1
llm_hal_9000,1
locallost,1
localroast,1
lordnacho,1
lostmsu,1
lotsofpulp,1
loufe,1
lowbloodsugar,1
lproven,1
lr1970,1
lucasfrederico,1
yonisto,1
lucien_watch,1
lukaskr777,1
lukeh,1
luma,1
luxshan_t,1
luzdealba,1
lxchase,1
lynx97,1
lz400,1
m00dy,1
m00x,1
yousif_123123,1
mNovak,1
macwhisperer,1
madamelic,1
maddynator,1
maelito,1
magicmicah85,1
majestic5762,1
makeramen,1
makingstuffs,1
mamcx,1
man8alexd,1
yowami,1
mango7283,1
manlymuppet,1
mannanj,1
mansilladev,1
mappu,1
marcus_holmes,1
yoyohello13,1
mark_l_watson,1
markasoftware,1
marssaxman,1
martomo,1
masfoobar,1
masijo,1
massimodeluisa,1
mastermage,1
matherial,1
matheusmoreira,1
matja,1
mattbrewsbytes,1
mattcasmith,1
max979,1
maxrev17,1
may_ilands,1
mayli,1
maz1b,1
yoyohn,1
mcdow,1
mcherm,1
mchusma,1
mddr,1
meehow,1
megagpt1,1
megaman821,1
mehmetoguzderin,1
melodyogonna,1
melsaadi,1
melvinroest,1
mentalgear,1
mermadicsolutio,1
merrvk,1
messh,1
metalliqaz,1
mgkimsal,1
mh2753,1
mhalikosen,1
mi_lk,1
michael_luog,1
microtonal,1
mike_hearn,1
mikenew,1
mikewarot,1
milk2540,1
mindcrime,1
mindwork,1
minimaltom,1
minimaxir,1
mistachkin,1
mixdup,1
mjaniczek,1
mjgs,1
mjmvisser,1
mk_stjames,1
mkovach,1
yread,1
mnaza,1
mock-possum,1
modeless,1
moezd,1
ytoast,1
mohammeddsml01,1
moinism,1
yuliaknut,1
monocasa,1
1970-01-01,1
moomoo11,1
moonshot5,1
mooreds,1
morkalork,1
mortsnort,1
mppm,1
mrkdbrndotcom,1
mrmincent,1
mrnotcrazy,1
mrobot,1
mrsbeep,1
mrweasel,1
msabalau,1
msephton,1
msisk6,1
mstaoru,1
mtgh2s,1
mtlynch,1
muconto107,1
multisport,1
mupuff1234,1
murzynalbinos,1
mustafadalga,1
mustaphah,1
muyuu,1
muzammil010,1
mvc,1
mvdtnz,1
mwkaufma,1
my_username_is_,1
mypalmike,1
mythz,1
n0um3n4,1
naasking,1
nader,1
8bitsrule,1
nancyminusone,1
nas_swiftworks,1
999900000999,1
nasretdinov,1
natbennett,1
natebc,1
nater5000,1
natex,1
nathan_douglas,1
nathanallen,1
9999gold,1
natpalmer1776,1
ncruces,1
nedo_var,1
nekooooo,1
nelsonfigueroa,1
neogodless,1
nephihaha,1
nepthar,1
netsharc,1
neves,1
newsre4der,1
nfriedly,1
ngl999,1
ngriffiths,1
ngvrnd,1
nick_marler_023,1
nickyvanurk,1
nign,1
nikhizzle,1
nirmeet011011,1
nivertech,1
nixlaz,1
njspix,1
ACCount37,1
noir_lord,1
nomanWasTaken,1
nomilk,1
nonameiguess,1
nonnontrivial,1
noobermin,1
noonat,1
norawrites,1
noriah,1
nothercastle,1
ACV001,1
novardanak,1
novia,1
nowittyusername,1
noxss,1
nozzlegear,1
nprateem,1
nr378,1
nrmitchi,1
nso,1
nullgeo,1
nunobrito,1
nurdism,1
nzxt210,1
obdosok,1
ofjcihen,1
oh_no,1
ohmygah,1
ohyash,1
ohyes,1
oilkillsbirds,1
okanenas,1
okokwhatever,1
oliwary,1
onesandofgrain,1
onyx228,1
opello,1
orbital-decay,1
oriettaxx,1
orsenthil,1
orwin,1
osculum,1
othmanosx,1
otterley,1
Abbaas,1
outlore,1
overflowy,1
overgard,1
ovin_dal,1
owenbrown,1
owisd,1
oxonia,1
oybng,1
oytis,1
AgentOrange1234,1
p915,1
Agentlien,1
pablonaj,1
pacMakaveli,1
pacifika,1
padolsey,1
paidx,1
pak9rabid,1
palebt,1
palmaec,1
pan_lid,1
parasxos,1
Aissen,1
patcon,1
pavlov,1
paxys,1
pcblues,1
pcstl,1
pdef51588,1
pedroaaron,1
pelagicAustral,1
pepitogarvan,1
percentcer,1
peri-cl,1
AlexB138,1
peter-olson,1
peter_d_sherman,1
petilon,1
AlexCoventry,1
pfdietz,1
pftg,1
pg1,1
pgmcgee,1
pgryko,1
ph5il,1
phendrenad2,1
philippta,1
philipwhiuk,1
phusion,1
pigsinzen,1
pikzel,1
AlexErrant,1
pinkmuffinere,1
pixelpoet,1
piyh,1
pizzaballs,1
pizzabearman,1
pizzathyme,1
AlexITC,1
pjmlp,1
plainjar,1
pletnes,1
plow-tycoon,1
pmarreck,1
pmcconnell,1
AlexisAguirre,1
pmontra,1
polishdude20,1
polski-g,1
poody,1
poppafuze,1
Almondsetat,1
poulpy123,1
pqdbr,1
pr337h4m,1
practicalsystem,1
pranav_tech26,1
pranjalsharma01,1
prinny_,1
prithvijainsde,1
prman_,1
profsummergig,1
progbits,1
projproj,1
protimewaster,1
prtmnth,1
psadri,1
psvv,1
psychanarch,1
psyclyx,1
ptx2,1
punarinta,1
pvillano,1
pwillia7,1
pwmglenn,1
pyrophane,1
q23lk,1
qbane,1
AltruisticGapHN,1
qhwudbebd,1
qingcharles,1
quanto,1
quinndupont,1
quipacorn,1
qurren,1
quuxplusone,1
quyleanh,1
qw2817,1
rabbit_1,1
radicalbyte,1
rael_work,1
raflueder,1
raigol,1
raimondious,1
raincole,1
raintrees,1
rajaravivarma_r,1
rakib_ul_banna,1
ralferoo,1
ralfhn,1
ramazandogna,1
ramesh31,1
ramon156,1
rand005,1
AmazingEveryDay,1
randrus,1
ranger_danger,1
rappatic,1
rasmussensystem,1
raver1975,1
rawgabbit,1
raxitbhalala094,1
AnMakc,1
raymond50romero,1
raynr,1
rbanffy,1
rbbydotdev,1
rcxdude,1
readthenotes1,1
reanimus,1
reckoner99,1
reconnecting,1
rectang,1
red_admiral,1
redanddead,1
redox99,1
regularfry,1
reilly3000,1
reinhash,1
renlo,1
resiros,1
retired,1
reverseblade2,1
rf15,1
rfgplk,1
rgbrgb,1
AndrewSwift,1
rhdunn,1
rheffern,1
richdrich,1
rickcarlino,1
rickreynoldssf,1
rickybstewart,1
rietta,1
rijavecb,1
AngryData,1
rishabh16,1
ritave,1
rixed,1
rizsyed1,1
rk06,1
rkozik1989,1
rmason,1
rob,1
robinpie,1
robocat,1
robomartin,1
robomex,1
robrain,1
robtherobber,1
ronald_builds,1
rootsudo,1
roryirvine,1
roschdal,1
rot256,1
roughly,1
rpaik,1
rpdillon,1
rr808,1
rrherr,1
rrr_oh_man,1
rrrx3,1
rrvsh,1
rspoerri,1
rswail,1
rsynnott,1
rtpg,1
rubymamis,1
rukuu001,1
runako,1
AnimalMuppet,1
rustystump,1
AnodicElegy,1
rwky,1
rwmj,1
ryangst_1,1
ryanthults,1
saberience,1
sabey,1
saejox,1
sage981,1
saintfire,1
salt_pine,1
samus,1
sandrew17,1
sandworm101,1
sapphicsnail,1
AnotherGoodName,1
sarkarghya,1
saxelsen,1
sc68cal,1
scarecrw,1
sceptic123,1
schelcc,1
schiffern,1
schnebbau,1
schoen,1
schonfinkel,1
sco2026,1
scotty79,1
scottydelta,1
sdrew,1
sdsd,1
seanbeever,1
seanwilson,1
sebastianconcpt,1
seeb,1
segmondy,1
self_awareness,1
selimthegrim,1
semiinfinitely,1
semiosemeno,1
senderista,1
serf,1
serioussecurity,1
seydor,1
sezaidemirer,1
sfblah,1
sfpotter,1
sgrodnik,1
sheavedsurface,1
sheepcow,1
sheepybloke,1
shelled,1
shetyemanasi,1
Anslopic1,1
shinsheel,1
shireboy,1
shitcoder,1
shivpat,1
sho_hn,1
shofetim,1
shovepull,1
shrx,1
shujip,1
shwaj,1
sigpwned,1
sikozu,1
silver92bullet,1
Aquitard,1
simongrodnik,1
simonuv,1
ArchMMM,1
singingtoday,1
singpolyma3,1
sinuhe69,1
sire-vc,1
sirrobot01,1
sjtroxel,1
ska80,1
skarz,1
Archer6621,1
skinfaxi,1
skinwill,1
skor,1
skybrian,1
skytreader,1
slaiyer6,1
slater,1
slaye,1
slug,1
small_model,1
smallerize,1
smath,1
smcleod,1
smukherjee19,1
smusamashah,1
sn0wr8ven,1
snarfy,1
snicky,1
snohobro,1
Archit3ch,1
Artgor,1
sodimel,1
solid_fuel,1
som,1
somaticbits,1
someguynamedq,1
someperson,1
sorenKaram,1
soricus,1
sota_pop,1
soulchild77,1
soupbowl,1
sp1nningaway,1
spacedcowboy,1
speby,1
specproc,1
AscensusRisus,1
spiderfarmer,1
spitfire,1
spking,1
spwa4,1
squidbeak,1
squidlib,1
srahim,1
sriniwasx,1
ssernikk,1
stacktrace,1
stakent,1
Asooka,1
stefanvdw1,1
stego-tech,1
stevage,1
stevenfoster,1
Avishy,1
stmtsch,1
stonyrubbish,1
stri8ted,1
stronglikedan,1
Ayaz_Saifi,1
sudhirj,1
sudorm-rf--no-p,1
summermusic,1
sunaookami,1
sunny_sidhu,1
supermdguy,1
supriyo-biswas,1
surcap526,1
surfwork,1
Barbing,1
surya_waters,1
sustainalady,1
svieira,1
swah,1
BatchJob,1
BodyCulture,1
syllogism,1
sylware,1
BoingBoomTschak,1
szalb,1
sznio,1
t0duf0du,1
t0mas88,1
t1234s,1
ta8903,1
tabs_or_spaces,1
tacitusarc,1
taklimakan,1
talloaktrees,1
tambourine_man,1
BorisMelnik,1
tareqpro0065,1
tarwin,1
tavavex,1
taybin,1
tayzer,1
tcdent,1
tech234a,1
techknight,1
technostacks13,1
technothrasher,1
techsage,1
tednoob,1
Boxxed,1
tehjoker,1
tekacs,1
telesilla,1
tempo123456,1
tenken,1
tensakai,1
tensegrist,1
teraflop,1
tgrowazay,1
tgsovlerkhgsel,1
th0raway,1
Brajeshwar,1
thatgloomyguy,1
theNotFractured,1
the_real_cher,1
theahura,1
theamk,1
theandrewbailey,1
thecolorblue,1
thematrjx,1
themgt,1
thenthenthen,1
theplatman,1
therealmarv,1
theturtle,1
BrtByte,1
thinkingemote,1
thinkingkong,1
thirdtruck,1
thisisdave,1
thomquaid,1
threatofrain,1
threethirtytwo,1
throneitlol,1
throwaway613746,1
throwaway81523,1
BubbleRings,1
throwawayqqq11,1
throwitaway222,1
throwlifeaway,1
tiggr,1
tikimcfee,1
tim-star,1
timonoko,1
tinix,1
tinthedev,1
ButlerianJihad,1
tiwariom,1
tkot,1
toddcooke,1
tokai,1
tolugenius,1
tom1337,1
tom_wang007,1
tomasphan,1
tomaytotomato,1
tomislav,1
tomxmp,1
CaioFer,1
too_pricey,1
toomasr,1
CarVac,1
torcete,1
torginus,1
torsi0n,1
torutofu,1
torvin92,1
toss1,1
tosti,1
totemandtoken,1
CatMustard,1
trashface,1
travisgriggs,1
treebeard901,1
trentor,1
trgn,1
trhway,1
tripleight,1
tristanj,1
trivet,1
trjordan,1
trnkinju,1
trollbridge,1
troyvit,1
truekonrads,1
truelson,1
trvz,1
tsoukase,1
ttoinou,1
tushar-nath,1
twohaibei,1
twoodfin,1
tyffanypastecf,1
tyingq,1
tzs,1
ugurs,1
ulfw,1
underyx,1
ungreased0675,1
unicorn_platfor,1
uninstaller,1
unjuno,1
unreal37,1
unsignedint,1
unwind,1
urda,1
user-,1
user_7832,1
Centigonal,1
utopcell,1
ChannelFence,1
vachina,1
valbaca,1
valeriyasloviko,1
vampiregrey,1
vamsi0410,1
vanderZwan,1
vantassell,1
varun636,1
vasco,1
ChocolateGod,1
ChoosesBarbecue,1
verdverm,1
vespera,1
vessenes,1
veunes,1
victornomad,1
vijayp00,1
vintermann,1
virgil_disgr4ce,1
viveknathani_,1
Ciantic,1
vmsp,1
vonunov,1
vopi,1
vovavili,1
vpandya47,1
vrajpatel00,1
walrus01,1
walthamstow,1
wat10000,1
ClientEngineHQ,1
weare138,1
weatherlite,1
weberer,1
websimapi,1
wefzyn,1
wejick,1
well_actulily,1
welwala,1
CodeCompost,1
CodeWriter23,1
what,1
whateveracct,1
CodesInChaos,1
wheybags,1
whitmojm,1
whogehrhr,1
wilted-iris,1
ColinWright,1
wishgreen,1
wizzwizz4,1
wkjagt,1
wmantly,1
wmwragg,1
woadwarrior01,1
wodenokoto,1
wolfiesch,1
wolfman123,1
CommenterPerson,1
workletterco,1
world2vec,1
wprl,1
wraptile,1
wslh,1
wudu,1
ComputerGuru,1
xamuel,1
xbmcuser,1
xcafebabe,1
xdfil,1
xelxebar,1
xeonax,1
xiej,1
xisnextbigthing,1
xl0,1
CrankyBear,1
xp84,1
xpct,1
xtiansimon,1
xtracto,1
xucian,1
xxwink,1
Curiositry,1
xyzkoi,1
xyzsparetimexyz,1
yangtzedong,1
DBax,1
yapfrog,1
yauneyz,1
yazan-ali,1
ycislost,1
yeasin-arafat,1
12sag15,1
zanedev28,1
zaptrem,1
zebreus,1
zech10,1
zellyn,1
zetanor,1
zhyd1997_,1
zippyman55,1
DanielGarza,1
zmmmmm,1
zoky,1
zombiwoof,1
zoobab,1
zoom6628,1
777777777,1
yellowapple,1
1vuio0pswjnm7,1
2001zhaozhao,1
33MHz-i486,1
3836293648,1
3ddds,1
3ds,1
4b11b4,1
4d4m,1
55555,1
5555watch,1
6510,1
6581,1
6LLvveMx2koXfwn,1
6_7,1
zahlman,1
